gene	baseMean	log2FoldChange	lfcSE	stat	pvalue	padj
ENSG00000160191	76937.70537829745	3.0724266076640365	0.15522865906221345	19.792908256926008	3.4268548908231694e-87	7.847497699985058e-85
ENSG00000154734	22866.093923045362	3.442492316750179	0.17937394627653816	19.19170753729719	4.341379069031732e-82	4.970879034041333e-80
ENSG00000154723	7344.087241638918	2.5827570600108674	0.16388515756630115	15.759554424359575	5.904782447759164e-56	4.507317268456162e-54
ENSG00000180509	30232.335241434434	2.9441814524937335	0.20003046247534248	14.718665427555361	4.892199003393398e-49	2.80078392944272e-47
ENSG00000183145	9994.783487701456	2.891492834439432	0.2488477289253263	11.619526715902259	3.279479337480125e-31	1.5020015365658972e-29
ENSG00000276289	11795.820926315519	2.8605202502924074	0.4650271434729771	6.151297382189548	7.685166275291921e-10	2.9331717950697498e-8
ENSG00000277277	724.5075341639883	0.9286627561018165	0.26390499268747675	3.5189283334308246	4.3329373815776957e-4	0.014174895148304176
